author,files_changed,additions,deletions,reviews,comments
tiangolo,1,221,221,0,2
tiangolo,1,211,220,0,2
tiangolo,3,108,93,0,2
tiangolo,12,838,963,0,2
tiangolo,1,6,2,0,1
tiangolo,1,2,2,0,1
tiangolo,5,64,177,0,1
tiangolo,104,4073,8008,0,1
tiangolo,55,337,8784,0,3
tiangolo,1,131,137,0,1
tiangolo,19,66,43,0,2
tiangolo,1,18,7,0,1
nilslindemann,2,13,6,0,4
tiangolo,3,12,0,0,2
YuriiMotov,1,0,23,1,1
tiangolo,1,6,5,0,1
tiangolo,1,7,2,0,1
tiangolo,3,54,64,0,2
tiangolo,20,802,602,0,1
nilslindemann,10,21,176,0,2
tiangolo,1,1,1,0,1
tiangolo,1,1,0,0,1
tiangolo,138,1264,3650,2,7
tiangolo,2,11,7,0,1
YuriiMotov,183,10459,86,1,2
paras-verma7454,1,1,1,0,3
tiangolo,142,939,1038,0,1
tiangolo,1,1,2,0,1
tiangolo,6,6,6,4,1
tiangolo,815,1266,6546,0,1
tiangolo,5,412,0,0,1
YuriiMotov,1,1,1,1,1
YuriiMotov,2,12,16,1,1
YuriiMotov,4,13,13,1,1
YuriiMotov,26,322,321,1,1
tiangolo,1,54,0,3,4
tiangolo,1,46,0,10,3
tiangolo,1,46,0,1,2
